<?xml version="1.0" encoding="UTF-8"?>
<!DOCTYPE suite SYSTEM "http://testng.org/testng-1.0.dtd">
<suite name="Suite">
  <test thread-count="1" name="Test">
  <parameter name="URL" value="https://www.cleartrip.com/"/>
  <parameter name="source" value="Bengaluru"/>
  <parameter name="destination" value="Mumbai"/>
  <parameter name="year" value="2019"/>
  <parameter name="month" value="June"/>
  <parameter name="date" value="12"/>
  <parameter name="location" value="Indiranagar, Bangalore"/>
  <parameter name="occupancy" value="1 room, 2 adults"/>
    <classes>
        <class name="testCase.SignInTest"/>
      <!--  <class name="testCase.HotelBookingTest"/>-->
      <!--  <class name="testCase.FlightBookingTest"/>-->
    </classes>
  </test> <!-- Test -->
</suite> <!-- Suite -->
